train_loss,epoch,step
0.23096142709255219,0,49
0.2376013845205307,0,99
0.11793512850999832,0,149
0.11942121386528015,0,199
