train_loss,epoch,step,val_loss
0.6791145205497742,0,49,
0.7445822954177856,0,99,
,0,121,0.7218804955482483
0.7638425827026367,1,149,
0.815586507320404,1,199,
,1,243,0.7217639088630676
