train_loss,epoch,step,val_loss
0.7200269103050232,0,49,
0.6877773404121399,0,99,
,0,139,0.798697292804718
0.8237512707710266,1,149,
0.7050380706787109,1,199,
0.6787551641464233,1,249,
,1,279,0.7954754829406738
0.5663971900939941,2,299,
0.9032237529754639,2,349,
0.7103564739227295,2,399,
,2,419,0.7922804951667786
0.704179584980011,3,449,
