train_loss,epoch,step,val_loss
0.6199284195899963,0,49,
0.6794878840446472,0,99,
,0,117,0.6938123106956482
0.7149849534034729,1,149,
0.7647687792778015,1,199,
,1,235,0.7681135535240173
0.6911882758140564,2,249,
0.6755242347717285,2,299,
0.7229294776916504,2,349,
,2,353,0.6949002742767334
0.708814799785614,3,399,
0.6843417286872864,3,449,
,3,471,0.6933777928352356
